model,threshold,net_benefit_model,net_benefit_treat_all,net_benefit_treat_none,tp,fp,n
M1_immune_sensitive,0.01,0.21320471147460768,0.24504561182761872,0.0,62,38,289
M1_immune_sensitive,0.02,0.21199067862439094,0.2373419956217781,0.0,62,36,289
M1_immune_sensitive,0.03,0.2076481289908322,0.22947954196839437,0.0,61,32,289
M1_immune_sensitive,0.04,0.19982698961937714,0.2214532871972318,0.0,59,30,289
M1_immune_sensitive,0.05,0.19887087962119832,0.2132580586414132,0.0,59,29,289
M1_immune_sensitive,0.06,0.19774718397997496,0.20488846352057719,0.0,59,29,289
M1_immune_sensitive,0.07,0.19659932284109088,0.19633887710681994,0.0,59,29,289
M1_immune_sensitive,0.08,0.19226718820520536,0.1876034301188506,0.0,58,28,289
M1_immune_sensitive,0.09,0.19179436480474543,0.1786759952849918,0.0,58,26,289
M1_immune_sensitive,0.1,0.19108035371011148,0.1695501730103806,0.0,58,25,289
M1_immune_sensitive,0.11,0.1900003887873722,0.16021927607791298,0.0,58,25,289
M1_immune_sensitive,0.12,0.1888958792072979,0.15067631330607106,0.0,58,25,289
M1_immune_sensitive,0.13,0.1877659786023943,0.14091397207970408,0.0,58,25,289
M1_immune_sensitive,0.14,0.1871730908505673,0.1309245996620262,0.0,58,24,289
M1_immune_sensitive,0.15,0.1860370445756157,0.12070018318746181,0.0,58,24,289
M1_immune_sensitive,0.16,0.1855330367441094,0.11023232822540777,0.0,58,23,289
M1_immune_sensitive,0.17,0.18093133780797932,0.09951223579438859,0.0,57,23,289
M1_immune_sensitive,0.18,0.17976200523250907,0.08853067769432019,0.0,57,23,289
M1_immune_sensitive,0.19,0.18018710752274766,0.07727797001153403,0.0,57,21,289
M1_immune_sensitive,0.2,0.17993079584775085,0.06574394463667818,0.0,57,20,289
M1_immune_sensitive,0.21,0.17883579343874556,0.05391791861942097,0.0,57,20,289
M1_immune_sensitive,0.22,0.17771271404489397,0.041788661165823776,0.0,57,20,289
M1_immune_sensitive,0.23,0.17656046375769557,0.029344358064081227,0.0,57,20,289
M1_immune_sensitive,0.24,0.1753778910945183,0.016572573301766508,0.0,57,20,289
M1_immune_sensitive,0.25,0.17416378316032294,0.003460207612456745,0.0,57,20,289
M1_immune_sensitive,0.26,0.17291686149817637,-0.01000654633872633,0.0,57,20,289
M1_immune_sensitive,0.27,0.1716357775987107,-0.02384225245295546,0.0,57,20,289
M1_immune_sensitive,0.28,0.170319108035371,-0.038062283737024305,0.0,57,20,289
M1_immune_sensitive,0.29,0.1655051415761002,-0.05268287928261617,0.0,56,20,289
M1_immune_sensitive,0.3,0.16411270390509144,-0.06772120612951066,0.0,56,20,289
M1_immune_sensitive,0.31,0.16267990572187954,-0.08319542650819928,0.0,56,20,289
M1_immune_sensitive,0.32,0.16120496641563198,-0.09912477101567274,0.0,56,20,289
M1_immune_sensitive,0.33,0.15622579145793522,-0.11552961834426495,0.0,55,20,289
M1_immune_sensitive,0.34,0.15466079479920308,-0.132431582258572,0.0,55,20,289
M1_immune_sensitive,0.35,0.14958743678466863,-0.14985360660101144,0.0,54,20,289
M1_immune_sensitive,0.36,0.14792387543252594,-0.16782006920415227,0.0,54,20,289
M1_immune_sensitive,0.37,0.1462075026088867,-0.1863568956994563,0.0,54,20,289
M1_immune_sensitive,0.38,0.14443576291996874,-0.2054916843397701,0.0,54,20,289
M1_immune_sensitive,0.39,0.13914572579272788,-0.22525384309943847,0.0,53,20,289
M1_immune_sensitive,0.4,0.13725490196078433,-0.24567474048442917,0.0,53,20,289
M1_immune_sensitive,0.41,0.13183977479326728,-0.26678787167908025,0.0,52,20,289
M1_immune_sensitive,0.42,0.12981744421906694,-0.2886290418804438,0.0,52,20,289
M1_immune_sensitive,0.43,0.12772415467735082,-0.31123656893097795,0.0,52,20,289
M1_immune_sensitive,0.44,0.12555610479485912,-0.33465150766188834,0.0,52,20,289
M1_immune_sensitive,0.45,0.12330921673482229,-0.35891789871028623,0.0,52,20,289
M1_immune_sensitive,0.46,0.12097911059848776,-0.38408304498269896,0.0,52,20,289
M1_immune_sensitive,0.47,0.11856107592870668,-0.4101978194163347,0.0,52,20,289
M1_immune_sensitive,0.48,0.11578387010912965,-0.4373170082512643,0.0,51,19,289
M1_immune_sensitive,0.49,0.11662935070221862,-0.4654996946875636,0.0,51,18,289
M1_immune_sensitive,0.5,0.11418685121107268,-0.4948096885813149,0.0,51,18,289
M1_immune_sensitive,0.51,0.1081844502506885,-0.5253160087564438,0.0,50,18,289
M1_immune_sensitive,0.52,0.10207612456747403,-0.5570934256055364,0.0,49,18,289
M1_immune_sensitive,0.53,0.09931532062136492,-0.5902230729588458,0.0,49,18,289
M1_immune_sensitive,0.54,0.09643448172107716,-0.6247931397622989,0.0,49,18,289
M1_immune_sensitive,0.55,0.09342560553633215,-0.660899653979239,0.0,49,18,289
M1_immune_sensitive,0.56,0.09027996225228058,-0.698647373387858,0.0,49,18,289
M1_immune_sensitive,0.57,0.08698800997827313,-0.7381508006759473,0.0,49,18,289
M1_immune_sensitive,0.58,0.08353929807217006,-0.7795353435491842,0.0,49,18,289
M1_immune_sensitive,0.59,0.07646214870453204,-0.8229386446113595,0.0,48,18,289
M1_immune_sensitive,0.6,0.0726643598615917,-0.8685121107266435,0.0,48,18,289
M1_immune_sensitive,0.61,0.0686718126164493,-0.9164226776683525,0.0,48,18,289
M1_immune_sensitive,0.62,0.06446913130577309,-0.966854853396467,0.0,48,18,289
M1_immune_sensitive,0.63,0.05657907041990087,-1.0200130926774524,0.0,47,18,289
M1_immune_sensitive,0.64,0.0519031141868512,-1.0761245674740487,0.0,47,18,289
M1_immune_sensitive,0.65,0.04695996045477012,-1.1354424122590214,0.0,47,18,289
M1_immune_sensitive,0.66,0.041726032973743124,-1.1982495420313457,0.0,47,18,289
M1_immune_sensitive,0.67,0.036174897766593245,-1.264863164517144,0.0,47,18,289
M1_immune_sensitive,0.68,0.030276816608996504,-1.335640138408305,0.0,47,18,289
M1_immune_sensitive,0.69,0.023998214086393604,-1.4109833686795397,0.0,47,18,289
M1_immune_sensitive,0.7,0.025374855824682824,-1.491349480968858,0.0,47,17,289
M1_immune_sensitive,0.71,0.018613530604939754,-1.5772580837608876,0.0,47,17,289
M1_immune_sensitive,0.72,0.01136925358378646,-1.6693030153237762,0.0,47,17,289
M1_immune_sensitive,0.73,0.0035883634499551675,-1.7681660899653977,0.0,47,17,289
M1_immune_sensitive,0.74,-0.004791056694170875,-1.8746340165025281,0.0,47,17,289
M1_immune_sensitive,0.75,-0.003460207612456745,-1.9896193771626298,0.0,47,16,289
M1_immune_sensitive,0.76,-0.012687427912341426,-2.114186851211073,0.0,47,16,289
M1_immune_sensitive,0.77,-0.02617722280728149,-2.2495862795245976,0.0,46,16,289
M1_immune_sensitive,0.78,-0.04403900597672228,-2.397294746775716,0.0,44,16,289
M1_immune_sensitive,0.79,-0.056022408963585485,-2.5590706870983695,0.0,44,16,289
M1_immune_sensitive,0.8,-0.06920415224913501,-2.7370242214532876,0.0,44,16,289
M1_immune_sensitive,0.81,-0.08377344745947923,-2.9337097067929347,0.0,44,16,289
M1_immune_sensitive,0.82,-0.09996155324875045,-3.152249134948096,0.0,44,16,289
M1_immune_sensitive,0.83,-0.11805414207205367,-3.3964990840626896,0.0,44,16,289
M1_immune_sensitive,0.84,-0.13840830449826985,-3.671280276816608,0.0,44,16,289
M1_immune_sensitive,0.85,-0.16147635524798154,-3.982698961937716,0.0,44,16,289
M1_immune_sensitive,0.86,-0.18783984181908053,-4.3386060306475525,0.0,44,16,289
M1_immune_sensitive,0.87,-0.22171945701357465,-4.749268033005056,0.0,43,16,289
M1_immune_sensitive,0.88,-0.26066897347174167,-5.228373702422146,0.0,42,16,289
M1_immune_sensitive,0.89,-0.30261088392576285,-5.794589493551432,0.0,42,16,289
M1_immune_sensitive,0.9,-0.35294117647058837,-6.474048442906576,0.0,42,16,289
M1_immune_sensitive,0.91,-0.4144559784698195,-7.304498269896196,0.0,42,16,289
M1_immune_sensitive,0.92,-0.49134948096885855,-8.342560553633223,0.0,42,16,289
M1_immune_sensitive,0.93,-0.544241225902126,-9.677212061295114,0.0,42,15,289
M1_immune_sensitive,0.94,-0.6170703575547858,-11.45674740484428,0.0,41,14,289
M1_immune_sensitive,0.95,-0.782006920415224,-13.948096885813136,0.0,40,14,289
M1_immune_sensitive,0.96,-1.024221453287196,-17.68512110726642,0.0,40,14,289
M1_immune_sensitive,0.97,-1.4279123414071497,-23.91349480968856,0.0,40,14,289
M1_immune_sensitive,0.98,-2.069204152249133,-36.37024221453284,0.0,39,13,289
M1_immune_sensitive,0.99,-3.9861591695501692,-73.74048442906567,0.0,36,12,289
M2_msi,0.01,0.11974415434623047,0.15417147251057284,0.0,35,39,289
M2_msi,0.02,0.11856507308805875,0.145540569168844,0.0,35,36,289
M2_msi,0.03,0.11778974779723897,0.1367317090571826,0.0,35,31,289
M2_msi,0.04,0.11663783160322952,0.12773933102652824,0.0,35,31,289
M2_msi,0.05,0.11236568930977964,0.11855763977417591,0.0,34,29,289
M2_msi,0.06,0.11168372229993374,0.10918059338879482,0.0,34,27,289
M2_msi,0.07,0.11087546973248502,0.09960189009190012,0.0,34,26,289
M2_msi,0.08,0.10982398074319241,0.08981495411463818,0.0,34,26,289
M2_msi,0.09,0.1090916004410814,0.07981292064337048,0.0,34,25,289
M2_msi,0.1,0.10803537101114956,0.06958861976163014,0.0,34,25,289
M2_msi,0.11,0.10695540608841025,0.059134559309513626,0.0,34,25,289
M2_msi,0.12,0.10585089650833596,0.04844290657439447,0.0,34,25,289
M2_msi,0.13,0.10472099590343237,0.03750546871892774,0.0,34,25,289
M2_msi,0.14,0.1035648185402752,0.026313671843566422,0.0,34,25,289
M2_msi,0.15,0.09892122939141054,0.01485853857113778,0.0,33,25,289
M2_msi,0.16,0.09836875926841325,0.0031306640303180033,0.0,33,24,289
M2_msi,0.17,0.09717763788718889,-0.00887980989702758,0.0,33,24,289
M2_msi,0.18,0.09595746476495907,-0.021183222212844938,0.0,33,24,289
M2_msi,0.19,0.09470716391131616,-0.033790422487077615,0.0,33,24,289
M2_msi,0.2,0.09515570934256055,-0.046712802768166084,0.0,33,22,289
M2_msi,0.21,0.09049099908019798,-0.059962331917130185,0.0,32,22,289
M2_msi,0.22,0.08925561174696123,-0.07355159258273444,0.0,32,22,289
M2_msi,0.23,0.087988136431043,-0.08749382105783488,0.0,32,22,289
M2_msi,0.24,0.08668730650154799,-0.10180295028228009,0.0,32,22,289
M2_msi,0.25,0.08535178777393311,-0.1164936562860438,0.0,32,22,289
M2_msi,0.26,0.08398017394557188,-0.1315814083980174,0.0,32,22,289
M2_msi,0.27,0.08257098165615964,-0.14708252358155188,0.0,32,22,289
M2_msi,0.28,0.08246828143021914,-0.16301422529796233,0.0,32,21,289
M2_msi,0.29,0.08104683464106438,-0.17939470734441249,0.0,32,21,289
M2_msi,0.3,0.07958477508650519,-0.19624320316361837,0.0,32,21,289
M2_msi,0.31,0.07808033699413269,-0.21358006118048245,0.0,32,21,289
M2_msi,0.32,0.07653165072257276,-0.2314268267860778,0.0,32,21,289
M2_msi,0.33,0.07493673501007075,-0.24980633166348193,0.0,32,21,289
M2_msi,0.34,0.073293488518402,-0.2687427912341408,0.0,32,21,289
M2_msi,0.35,0.07346286931062018,-0.2882619110992813,0.0,32,20,289
M2_msi,0.36,0.07374567474048443,-0.3083910034602076,0.0,32,19,289
M2_msi,0.37,0.07211512055802713,-0.32915911462624264,0.0,32,19,289
M2_msi,0.38,0.0704319678535551,-0.3505971648621498,0.0,32,19,289
M2_msi,0.39,0.06869362981451019,-0.37273810199103746,0.0,32,19,289
M2_msi,0.4,0.06689734717416379,-0.39561707035755483,0.0,32,19,289
M2_msi,0.41,0.061579965984399763,-0.4192715969737843,0.0,31,19,289
M2_msi,0.42,0.05965875193890945,-0.44374179692160826,0.0,31,19,289
M2_msi,0.43,0.06028045893279914,-0.4690706003763733,0.0,31,18,289
M2_msi,0.44,0.05832921403855661,-0.49530400395452295,0.0,31,18,289
M2_msi,0.45,0.05630701478452345,-0.5224913494809689,0.0,31,18,289
M2_msi,0.46,0.054209919261822385,-0.5506856337306163,0.0,31,18,289
M2_msi,0.47,0.0520336880590194,-0.5799438532349677,0.0,31,18,289
M2_msi,0.48,0.04977375565610861,-0.6103273888741017,0.0,31,18,289
M2_msi,0.49,0.04742519845308367,-0.6419024357147702,0.0,31,18,289
M2_msi,0.5,0.044982698961937725,-0.6747404844290656,0.0,31,18,289
M2_msi,0.51,0.04244050561401032,-0.7089188616623119,0.0,31,18,289
M2_msi,0.52,0.039792387543252594,-0.7445213379469435,0.0,31,18,289
M2_msi,0.53,0.03357137598468672,-0.7816388132224106,0.0,30,18,289
M2_msi,0.54,0.02723032947194222,-0.8203700917707237,0.0,29,18,289
M2_msi,0.55,0.024221453287197214,-0.8608227604767398,0.0,29,18,289
M2_msi,0.56,0.021075810003145637,-0.9031141868512111,0.0,29,18,289
M2_msi,0.57,0.017783857729138194,-0.9473726563128668,0.0,29,18,289
M2_msi,0.58,0.01433514582303512,-0.9937386719393637,0.0,29,18,289
M2_msi,0.59,0.010718204067853843,-1.0423664444256895,0.0,29,18,289
M2_msi,0.6,0.006920415224913504,-1.0934256055363318,0.0,29,18,289
M2_msi,0.61,0.0029278679797710983,-1.1471031851654687,0.0,29,18,289
M2_msi,0.62,-0.0012748133309051085,-1.20360590056456,0.0,29,18,289
M2_msi,0.63,-0.005704666604320577,-1.2631628167960347,0.0,29,18,289
M2_msi,0.64,-0.004229142637447142,-1.3260284505959246,0.0,29,17,289
M2_msi,0.65,-0.00889767671774594,-1.3924864063272369,0.0,29,17,289
M2_msi,0.66,-0.007123956849175675,-1.4628536535721555,0.0,29,16,289
M2_msi,0.67,-0.012058299255531119,-1.5374855824682816,0.0,29,16,289
M2_msi,0.68,-0.017301038062283766,-1.6167820069204155,0.0,29,16,289
M2_msi,0.69,-0.022882018082375236,-1.7011943297242988,0.0,29,16,289
M2_msi,0.7,-0.02076124567474047,-1.7912341407151091,0.0,29,15,289
M2_msi,0.71,-0.026727120868631424,-1.8874835938432164,0.0,29,15,289
M2_msi,0.72,-0.03311913000494314,-1.9906080079090458,0.0,29,15,289
M2_msi,0.73,-0.03998462129950016,-2.101371267461232,0.0,29,15,289
M2_msi,0.74,-0.04737822730902312,-2.220654777748203,0.0,29,15,289
M2_msi,0.75,-0.05536332179930796,-2.3494809688581313,0.0,29,15,289
M2_msi,0.76,-0.0530565167243368,-2.489042675893887,0.0,29,14,289
M2_msi,0.77,-0.061832405596509724,-2.640740183541447,0.0,29,14,289
M2_msi,0.78,-0.07140610254797107,-2.8062283737024223,0.0,29,14,289
M2_msi,0.79,-0.0818915801614764,-2.9874773438787283,0.0,29,14,289
M2_msi,0.8,-0.09342560553633224,-3.186851211072665,0.0,29,14,289
M2_msi,0.81,-0.1061737388453834,-3.407211801129121,0.0,29,14,289
M2_msi,0.82,-0.10457516339869279,-3.6520569011918482,0.0,29,13,289
M2_msi,0.83,-0.11927539181762666,-3.925707307144309,0.0,29,13,289
M2_msi,0.84,-0.1358131487889273,-4.233564013840829,0.0,29,13,289
M2_msi,0.85,-0.15455594002306805,-4.582468281430218,0.0,29,13,289
M2_msi,0.86,-0.175976272862086,-4.981216015818092,0.0,29,13,289
M2_msi,0.87,-0.20415224913494812,-5.441309555496406,0.0,28,13,289
M2_msi,0.88,-0.2329873125720877,-5.978085351787774,0.0,28,13,289
M2_msi,0.89,-0.26706511481597994,-6.612456747404845,0.0,28,13,289
M2_msi,0.9,-0.30795847750865063,-7.37370242214533,0.0,28,13,289
M2_msi,0.91,-0.32641291810841994,-8.3041138023837,0.0,27,12,289
M2_msi,0.92,-0.34429065743944665,-9.467128027681666,0.0,27,11,289
M2_msi,0.93,-0.4157192288680182,-10.962432031636192,0.0,26,11,289
M2_msi,0.94,-0.5063437139561701,-12.956170703575534,0.0,26,11,289
M2_msi,0.95,-0.633217993079584,-15.747404844290642,0.0,26,11,289
M2_msi,0.96,-0.8235294117647051,-19.934256055363303,0.0,26,11,289
M2_msi,0.97,-1.0322952710495954,-26.91234140715107,0.0,25,10,289
M2_msi,0.98,-1.4429065743944622,-40.868512110726606,0.0,24,9,289
M2_msi,0.99,-2.9999999999999973,-82.73702422145321,0.0,24,9,289
M3_ebv,0.01,0.037782671000664084,0.0807731292160358,0.0,11,8,289
M3_ebv,0.02,0.03410776075135937,0.071393263187628,0.0,10,7,289
M3_ebv,0.03,0.034066992473156636,0.061819997859665396,0.0,10,5,289
M3_ebv,0.04,0.030420991926182236,0.05204728950403691,0.0,9,5,289
M3_ebv,0.05,0.03023128756146421,0.04206883991986888,0.0,9,5,289
M3_ebv,0.06,0.030037546933667083,0.031878082897739836,0.0,9,5,289
M3_ebv,0.07,0.029839639840756035,0.021468169810618734,0.0,9,5,289
M3_ebv,0.08,0.029637430419738226,0.010831954265082003,0.0,9,5,289
M3_ebv,0.09,0.029430776835621123,-3.8024259477534295e-05,0.0,9,5,289
M3_ebv,0.1,0.029219530949634753,-0.011149557862360632,0.0,9,5,289
M3_ebv,0.11,0.02900353796508689,-0.022510788849578148,0.0,9,5,289
M3_ebv,0.12,0.028782636049072035,-0.03413022963195972,0.0,9,5,289
M3_ebv,0.13,0.028556655928091316,-0.04601678399554547,0.0,9,5,289
M3_ebv,0.14,0.024865212843003137,-0.05817976985595881,0.0,8,5,289
M3_ebv,0.15,0.024628536535721557,-0.07062894361897008,0.0,8,5,289
M3_ebv,0.16,0.025045312242544075,-0.08337452628110069,0.0,8,4,289
M3_ebv,0.17,0.024846792012340017,-0.09642723141701755,0.0,8,4,289
M3_ebv,0.18,0.024643429825301714,-0.10979829521478603,0.0,8,4,289
M3_ebv,0.19,0.020974838737237815,-0.12349950873595623,0.0,7,4,289
M3_ebv,0.2,0.020761245674740483,-0.1375432525951557,0.0,7,4,289
M3_ebv,0.21,0.020542245192939425,-0.15194253427357535,0.0,7,4,289
M3_ebv,0.22,0.020317629314169108,-0.16671102830272377,0.0,7,4,289
M3_ebv,0.23,0.02008717925672943,-0.18186311957938256,0.0,7,4,289
M3_ebv,0.24,0.019850664724093973,-0.19741395010016388,0.0,7,4,289
M3_ebv,0.25,0.0196078431372549,-0.2133794694348327,0.0,7,4,289
M3_ebv,0.26,0.019358458804825587,-0.22977648929206024,0.0,7,4,289
M3_ebv,0.27,0.019102242024932454,-0.2466227425700337,0.0,7,4,289
M3_ebv,0.28,0.01883890811226451,-0.2639369473279508,0.0,7,4,289
M3_ebv,0.29,0.018568156342901702,-0.28173887616355575,0.0,7,4,289
M3_ebv,0.3,0.01828966880869995,-0.30004943153732083,0.0,7,4,289
M3_ebv,0.31,0.01800310917205757,-0.3188907276465574,0.0,7,4,289
M3_ebv,0.32,0.01770812131080806,-0.33828617952371265,0.0,7,4,289
M3_ebv,0.33,0.013944120229303308,-0.3582606001136188,0.0,6,4,289
M3_ebv,0.34,0.013631120897556881,-0.3788403061759464,0.0,6,4,289
M3_ebv,0.35,0.013308490817141336,-0.40005323396326853,0.0,6,4,289
M3_ebv,0.36,0.0129757785467128,-0.42192906574394456,0.0,6,4,289
M3_ebv,0.37,0.01263250398198495,-0.4444993683748009,0.0,6,4,289
M3_ebv,0.38,0.01227815604420136,-0.46779774528407186,0.0,6,4,289
M3_ebv,0.39,0.011912190141244538,-0.49186000340348296,0.0,6,4,289
M3_ebv,0.4,0.011534025374855822,-0.5167243367935409,0.0,6,4,289
M3_ebv,0.41,0.011143041463843765,-0.5424315289425837,0.0,6,4,289
M3_ebv,0.42,0.013244242930437897,-0.569025175993318,0.0,6,3,289
M3_ebv,0.43,0.015540581557700479,-0.5965519334668851,0.0,6,2,289
M3_ebv,0.44,0.01532377656945131,-0.6250617894216509,0.0,6,2,289
M3_ebv,0.45,0.015099087763447625,-0.6546083674111355,0.0,6,2,289
M3_ebv,0.46,0.014866077149814173,-0.6852492631039343,0.0,6,2,289
M3_ebv,0.47,0.014624273682836064,-0.7170464190115556,0.0,6,2,289
M3_ebv,0.48,0.014373170082512642,-0.7500665424540855,0.0,6,2,289
M3_ebv,0.49,0.014112219282176538,-0.7843815726982833,0.0,6,2,289
M3_ebv,0.5,0.013840830449826988,-0.820069204152249,0.0,6,2,289
M3_ebv,0.51,0.013558364522279497,-0.857213473624744,0.0,6,2,289
M3_ebv,0.52,0.013264129181084196,-0.8959054209919263,0.0,6,2,289
M3_ebv,0.53,0.012957373187072073,-0.9362438342045205,0.0,6,2,289
M3_ebv,0.54,0.012637279975928988,-0.978336091469836,0.0,6,2,289
M3_ebv,0.55,0.01230296039984621,-1.0222991157247214,0.0,6,2,289
M3_ebv,0.56,0.011953444479396034,-1.0682604592639195,0.0,6,2,289
M3_ebv,0.57,0.011587672004506317,-1.1163595397119173,0.0,6,2,289
M3_ebv,0.58,0.011204481792717087,-1.166749052562201,0.0,6,2,289
M3_ebv,0.59,0.010802599375474724,-1.2195965904295718,0.0,6,2,289
M3_ebv,0.6,0.010380622837370242,-1.275086505190311,0.0,6,2,289
M3_ebv,0.61,0.009937006476798863,-1.3334220566054475,0.0,6,2,289
M3_ebv,0.62,0.00947004188672373,-1.3948279002003277,0.0,6,2,289
M3_ebv,0.63,0.008977835967455343,-1.4595529785841204,0.0,6,2,289
M3_ebv,0.64,0.00845828527489427,-1.5278738946559016,0.0,6,2,289
M3_ebv,0.65,0.007909045971329704,-1.6000988630746418,0.0,6,2,289
M3_ebv,0.66,0.007327498473437815,-1.6765723590474253,0.0,6,2,289
M3_ebv,0.67,0.0067107056726433845,-1.7576806123518929,0.0,6,2,289
M3_ebv,0.68,0.006055363321799304,-1.8438581314878895,0.0,6,2,289
M3_ebv,0.69,0.00535774081928787,-1.9355954905681432,0.0,6,2,289
M3_ebv,0.7,0.00461361014994233,-2.0334486735870816,0.0,6,2,289
M3_ebv,0.71,0.0038181601240902044,-2.138050351986636,0.0,6,2,289
M3_ebv,0.72,0.0029658922392486395,-2.2501235788433016,0.0,6,2,289
M3_ebv,0.73,0.00205049339997437,-2.3704985262078684,0.0,6,2,289
M3_ebv,0.74,0.0010646792653713072,-2.500133084908171,0.0,6,2,289
M3_ebv,0.75,0.0,-2.640138408304498,0.0,6,2,289
M3_ebv,0.76,-0.001153402537485585,-2.7918108419838523,0.0,6,2,289
M3_ebv,0.77,-0.0024071009477960002,-2.956672182939672,0.0,6,2,289
M3_ebv,0.78,0.008493236866939285,-3.136520918527839,0.0,6,1,289
M3_ebv,0.79,0.007744274180260335,-3.333498105124403,0.0,6,1,289
M3_ebv,0.8,0.00692041522491349,-3.5501730103806235,0.0,6,1,289
M3_ebv,0.81,0.006009834274266976,-3.7896558004006566,0.0,6,1,289
M3_ebv,0.82,0.004998077662437525,-4.055747789311802,0.0,6,1,289
M3_ebv,0.83,0.0038672908609810736,-4.353144718094849,0.0,6,1,289
M3_ebv,0.84,0.002595155709342562,-4.687716262975777,0.0,6,1,289
M3_ebv,0.85,0.0011534025374855816,-5.066897347174163,0.0,6,1,289
M3_ebv,0.86,-0.007414730598121599,-5.500247157686603,0.0,4,1,289
M3_ebv,0.87,-0.009315943571998934,-6.000266169816342,0.0,4,1,289
M3_ebv,0.88,-0.011534025374855827,-6.583621683967705,0.0,4,1,289
M3_ebv,0.89,-0.01415539477823215,-7.273041837055678,0.0,4,1,289
M3_ebv,0.9,-0.017301038062283745,-8.100346020761247,0.0,4,1,289
M3_ebv,0.91,-0.021145713187235692,-9.11149557862361,0.0,4,1,289
M3_ebv,0.92,-0.025951557093425632,-10.375432525951563,0.0,4,1,289
M3_ebv,0.93,-0.03213049925852697,-12.000494315373217,0.0,4,1,289
M3_ebv,0.94,-0.04036908881199533,-14.167243367935397,0.0,4,1,289
M3_ebv,0.95,-0.051903114186851146,-17.200692041522473,0.0,4,1,289
M3_ebv,0.96,0.01384083044982699,-21.750865051903094,0.0,4,0,289
M3_ebv,0.97,0.01384083044982699,-29.334486735870794,0.0,4,0,289
M3_ebv,0.98,0.01384083044982699,-44.50173010380619,0.0,4,0,289
M3_ebv,0.99,0.010380622837370242,-90.00346020761238,0.0,3,0,289
M5_clinical,0.01,0.24504561182761872,0.24504561182761872,0.0,73,216,289
M5_clinical,0.02,0.2373419956217781,0.2373419956217781,0.0,73,216,289
M5_clinical,0.03,0.22601933435593763,0.22947954196839437,0.0,72,216,289
M5_clinical,0.04,0.21799307958477507,0.2214532871972318,0.0,72,216,289
M5_clinical,0.05,0.20997996721908577,0.2132580586414132,0.0,72,215,289
M5_clinical,0.06,0.20164912022380915,0.20488846352057719,0.0,72,215,289
M5_clinical,0.07,0.19313911522863414,0.19633887710681994,0.0,72,215,289
M5_clinical,0.08,0.18444411012486836,0.1876034301188506,0.0,72,215,289
M5_clinical,0.09,0.1759002243431309,0.1786759952849918,0.0,72,214,289
M5_clinical,0.1,0.16724336793540945,0.1695501730103806,0.0,72,213,289
M5_clinical,0.11,0.15889739901248007,0.16021927607791298,0.0,72,211,289
M5_clinical,0.12,0.146586977036804,0.15067631330607106,0.0,71,210,289
M5_clinical,0.13,0.13968102453963327,0.14091397207970408,0.0,71,205,289
M5_clinical,0.14,0.13076365977307475,0.1309245996620262,0.0,71,204,289
M5_clinical,0.15,0.12171789130877263,0.12070018318746181,0.0,71,203,289
M5_clinical,0.16,0.11171527434503212,0.11023232822540777,0.0,70,198,289
M5_clinical,0.17,0.10259724017175967,0.09951223579438859,0.0,70,197,289
M5_clinical,0.18,0.09410076799729936,0.08853067769432019,0.0,70,195,289
M5_clinical,0.19,0.08048186594899398,0.07727797001153403,0.0,69,195,289
M5_clinical,0.2,0.07006920415224913,0.06574394463667818,0.0,69,195,289
M5_clinical,0.21,0.061232534711576386,0.05391791861942097,0.0,69,193,289
M5_clinical,0.22,0.051370774554165555,0.041788661165823776,0.0,69,192,289
M5_clinical,0.23,0.04134274030467802,0.029344358064081227,0.0,69,191,289
M5_clinical,0.24,0.03004917137133492,0.016572573301766508,0.0,69,191,289
M5_clinical,0.25,0.019607843137254916,0.003460207612456745,0.0,69,190,289
M5_clinical,0.26,0.005517628354998583,-0.01000654633872633,0.0,68,189,289
M5_clinical,0.27,-0.004029008863819544,-0.02384225245295546,0.0,68,187,289
M5_clinical,0.28,-0.016339869281045805,-0.038062283737024305,0.0,68,187,289
M5_clinical,0.29,-0.027584190262683383,-0.05268287928261617,0.0,68,186,289
M5_clinical,0.3,-0.0405338606030648,-0.06772120612951066,0.0,68,186,289
M5_clinical,0.31,-0.05074971164936565,-0.08319542650819928,0.0,68,184,289
M5_clinical,0.32,-0.06289436189700798,-0.09912477101567274,0.0,67,181,289
M5_clinical,0.33,-0.06641532820327434,-0.11552961834426495,0.0,67,175,289
M5_clinical,0.34,-0.07297892418999691,-0.132431582258572,0.0,67,171,289
M5_clinical,0.35,-0.08490817141336171,-0.14985360660101144,0.0,67,170,289
M5_clinical,0.36,-0.09083044982698962,-0.16782006920415227,0.0,66,164,289
M5_clinical,0.37,-0.11182512220574509,-0.1863568956994563,0.0,64,164,289
M5_clinical,0.38,-0.11362875320906352,-0.2054916843397701,0.0,64,158,289
M5_clinical,0.39,-0.11923535084236198,-0.22525384309943847,0.0,64,154,289
M5_clinical,0.4,-0.12456747404844293,-0.24567474048442917,0.0,64,150,289
M5_clinical,0.41,-0.13682481965867094,-0.26678787167908025,0.0,64,149,289
M5_clinical,0.42,-0.14282305214174912,-0.2886290418804438,0.0,63,144,289
M5_clinical,0.43,-0.1474534086080252,-0.31123656893097795,0.0,63,140,289
M5_clinical,0.44,-0.15521502718734548,-0.33465150766188834,0.0,62,136,289
M5_clinical,0.45,-0.14847436300723496,-0.35891789871028623,0.0,61,127,289
M5_clinical,0.46,-0.14122773292323468,-0.38408304498269896,0.0,58,116,289
M5_clinical,0.47,-0.15029052686557418,-0.4101978194163347,0.0,55,111,289
M5_clinical,0.48,-0.16555762576523825,-0.4373170082512643,0.0,50,106,289
M5_clinical,0.49,-0.17701336589999317,-0.4654996946875636,0.0,43,98,289
M5_clinical,0.5,-0.17301038062283736,-0.4948096885813149,0.0,40,90,289
M5_clinical,0.51,-0.18155497493114894,-0.5253160087564438,0.0,36,85,289
M5_clinical,0.52,-0.15628604382929642,-0.5570934256055364,0.0,35,74,289
M5_clinical,0.53,-0.1498196274755209,-0.5902230729588458,0.0,30,65,289
M5_clinical,0.54,-0.14969159019106365,-0.6247931397622989,0.0,26,59,289
M5_clinical,0.55,-0.1376393694732796,-0.660899653979239,0.0,25,53,289
M5_clinical,0.56,-0.1371500471846493,-0.698647373387858,0.0,24,50,289
M5_clinical,0.57,-0.12682063249376352,-0.7381508006759473,0.0,23,45,289
M5_clinical,0.58,-0.10677212061295105,-0.7795353435491842,0.0,23,39,289
M5_clinical,0.59,-0.0897122120010127,-0.8229386446113595,0.0,23,34,289
M5_clinical,0.6,-0.10899653979238753,-0.8685121107266435,0.0,18,33,289
M5_clinical,0.61,-0.11977641735427204,-0.9164226776683525,0.0,17,33,289
M5_clinical,0.62,-0.10398834456383174,-0.966854853396467,0.0,14,27,289
M5_clinical,0.63,-0.1023099223791265,-1.0200130926774524,0.0,13,25,289
M5_clinical,0.64,-0.10265282583621685,-1.0761245674740487,0.0,13,24,289
M5_clinical,0.65,-0.10627780523974298,-1.1354424122590214,0.0,12,23,289
M5_clinical,0.66,-0.09953185426419706,-1.1982495420313457,0.0,12,21,289
M5_clinical,0.67,-0.08839257628184966,-1.264863164517144,0.0,11,18,289
M5_clinical,0.68,-0.09039792387543255,-1.335640138408305,0.0,10,17,289
M5_clinical,0.69,-0.08438441790378387,-1.4109833686795397,0.0,9,15,289
M5_clinical,0.7,-0.08996539792387542,-1.491349480968858,0.0,9,15,289
M5_clinical,0.71,-0.09784035317981146,-1.5772580837608876,0.0,6,14,289
M5_clinical,0.72,-0.09490855165595649,-1.6693030153237762,0.0,6,13,289
M5_clinical,0.73,-0.0727925156990901,-1.7681660899653977,0.0,6,10,289
M5_clinical,0.74,-0.07133351077987754,-1.8746340165025281,0.0,5,9,289
M5_clinical,0.75,-0.0657439446366782,-1.9896193771626298,0.0,5,8,289
M5_clinical,0.76,-0.059400230680507496,-2.114186851211073,0.0,5,7,289
M5_clinical,0.77,-0.07070859034150745,-2.2495862795245976,0.0,3,7,289
M5_clinical,0.78,-0.05095942120163575,-2.397294746775716,0.0,3,5,289
M5_clinical,0.79,-0.05816444224748724,-2.5590706870983695,0.0,2,5,289
M5_clinical,0.8,-0.04844290657439448,-2.7370242214532876,0.0,2,4,289
M5_clinical,0.81,-0.03733381897650702,-2.9337097067929347,0.0,2,3,289
M5_clinical,0.82,-0.04036908881199537,-3.152249134948096,0.0,2,3,289
M5_clinical,0.83,-0.013433747201302661,-3.3964990840626896,0.0,1,1,289
M5_clinical,0.84,0.0034602076124567475,-3.671280276816608,0.0,1,0,289
M5_clinical,0.85,0.0034602076124567475,-3.982698961937716,0.0,1,0,289
M5_clinical,0.86,0.0034602076124567475,-4.3386060306475525,0.0,1,0,289
M5_clinical,0.87,0.0034602076124567475,-4.749268033005056,0.0,1,0,289
M5_clinical,0.88,0.0034602076124567475,-5.228373702422146,0.0,1,0,289
M5_clinical,0.89,0.0,-5.794589493551432,0.0,0,0,289
M5_clinical,0.9,0.0,-6.474048442906576,0.0,0,0,289
M5_clinical,0.91,0.0,-7.304498269896196,0.0,0,0,289
M5_clinical,0.92,0.0,-8.342560553633223,0.0,0,0,289
M5_clinical,0.93,0.0,-9.677212061295114,0.0,0,0,289
M5_clinical,0.94,0.0,-11.45674740484428,0.0,0,0,289
M5_clinical,0.95,0.0,-13.948096885813136,0.0,0,0,289
M5_clinical,0.96,0.0,-17.68512110726642,0.0,0,0,289
M5_clinical,0.97,0.0,-23.91349480968856,0.0,0,0,289
M5_clinical,0.98,0.0,-36.37024221453284,0.0,0,0,289
M5_clinical,0.99,0.0,-73.74048442906567,0.0,0,0,289
